{
  "extensions": [
    {
      "name": "CosmosDB",
      "typeName": "Microsoft.Azure.WebJobs.Extensions.CosmosDB.CosmosDBWebJobsStartup, Microsoft.Azure.WebJobs.Extensions.CosmosDB, Version=4.9.0.0, Culture=neutral, PublicKeyToken=31bf3856ad364e35",
      "hintPath": "./.azurefunctions/Microsoft.Azure.WebJobs.Extensions.CosmosDB.dll"
    },
    {
      "name": "DurableTask",
      "typeName": "Microsoft.Azure.WebJobs.Extensions.DurableTask.DurableTaskWebJobsStartup, Microsoft.Azure.WebJobs.Extensions.DurableTask, Version=3.0.0.0, Culture=neutral, PublicKeyToken=014045d636e89289",
      "hintPath": "./.azurefunctions/Microsoft.Azure.WebJobs.Extensions.DurableTask.dll"
    },
    {
      "name": "Startup",
      "typeName": "Microsoft.Azure.WebJobs.Extensions.FunctionMetadataLoader.Startup, Microsoft.Azure.WebJobs.Extensions.FunctionMetadataLoader, Version=1.0.0.0, Culture=neutral, PublicKeyToken=551316b6919f366c",
      "hintPath": "./.azurefunctions/Microsoft.Azure.WebJobs.Extensions.FunctionMetadataLoader.dll"
    },
    {
      "name": "AzureStorageBlobs",
      "typeName": "Microsoft.Azure.WebJobs.Extensions.Storage.AzureStorageBlobsWebJobsStartup, Microsoft.Azure.WebJobs.Extensions.Storage.Blobs, Version=5.3.1.0, Culture=neutral, PublicKeyToken=92742159e12e44c8",
      "hintPath": "./.azurefunctions/Microsoft.Azure.WebJobs.Extensions.Storage.Blobs.dll"
    },
    {
      "name": "OpenAI",
      "typeName": "Microsoft.Azure.WebJobs.Extensions.OpenAI.OpenAIWebJobsStartup, WebJobs.Extensions.OpenAI, Version=0.18.0.0, Culture=neutral, PublicKeyToken=null",
      "hintPath": "./.azurefunctions/WebJobs.Extensions.OpenAI.dll"
    }
  ]
}